<?xml version="1.0" encoding="UTF-8"?>

<NewFormatters xmlns:xsi="http://www.w3.org/2001/XMLSchema-instance" xsi:noNamespaceSchemaLocation="opencms://system/modules/org.opencms.ade.config/schemas/formatters/new_formatter.xsd">
  <NewFormatter language="en">
    <NiceName><![CDATA[Sample formatter for mg-label]]></NiceName>
    <Type><![CDATA[mg-photocontest]]></Type>
    <Jsp>
      <link type="WEAK">
        <target><![CDATA[/system/modules/ru.mrgrechkinn.opencms.photocontest/formatters/mg-photocontest-formatter.jsp]]></target>
        <uuid>bbd6ed1e-a403-11e5-ab10-40e23076d8ef</uuid>
      </link>
    </Jsp>
    <Rank><![CDATA[1000]]></Rank>
    <Match>
      <Width>
        <Width><![CDATA[-1]]></Width>
      </Width>
    </Match>
    <Preview>false</Preview>
    <SearchContent>true</SearchContent>
    <AutoEnabled>true</AutoEnabled>
    <Detail>true</Detail>
    <NestedContainers>false</NestedContainers>
  </NewFormatter>
</NewFormatters>
