<?xml version="1.0" encoding="UTF-8"?>

<export>
	<info>
		<creator>Admin</creator>
		<opencms_version>9.5.2</opencms_version>
		<createdate>Wed, 16 Dec 2015 16:58:01 GMT</createdate>
		<infoproject>Offline</infoproject>
		<export_version>7</export_version>
	</info>
	<module>
		<name>ru.mrgrechkinn.opencms.photocontest</name>
		<nicename><![CDATA[OpenCms Add-On Module Package Photocontest]]></nicename>
		<class/>
		<description><![CDATA[This module contains photo contest functionality for OpenCms (c) 2015 by mrgrechkinn]]></description>
		<version>0.1</version>
		<authorname><![CDATA[mrgrechkinn]]></authorname>
		<authoremail><![CDATA[mrgrechkinn@gmail.com]]></authoremail>
		<datecreated/>
		<userinstalled/>
		<dateinstalled/>
		<dependencies/>
		<exportpoints>
			<exportpoint uri="/system/modules/ru.mrgrechkinn.opencms.photocontest/classes/" destination="WEB-INF/classes/"/>
		</exportpoints>
		<resources>
			<resource uri="/system/modules/ru.mrgrechkinn.opencms.photocontest/"/>
			<resource uri="/system/workplace/resources/filetypes/mg-photocontest.png"/>
			<resource uri="/system/workplace/resources/filetypes/mg-photocontest_big.png"/>
		</resources>
		<parameters/>
		<resourcetypes>
			<type class="org.opencms.file.types.CmsResourceTypeXmlContent" name="mg-photocontest" id="20863">
				<param name="schema">/system/modules/ru.mrgrechkinn.opencms.photocontest/schemas/mg-photocontest.xsd</param>
			</type>
		</resourcetypes>
		<explorertypes>
			<explorertype name="mg-photocontest" key="fileicon.mg-photocontest" icon="mg-photocontest.png" bigicon="mg-photocontest_big.png" reference="xmlcontent">
				<newresource page="structurecontent" uri="newresource_xmlcontent.jsp?newresourcetype=mg-photocontest" order="10" autosetnavigation="false" autosettitle="false" info="desc.mg-photocontest" key="title.mg-photocontest"/>
			</explorertype>
		</explorertypes>
	</module>
	<files>
		<file>
			<destination>system</destination>
			<type>folder</type>
			<uuidstructure>f47e8f1b-8244-11e5-aa8d-40e23076d8ef</uuidstructure>
			<datelastmodified>Tue, 03 Nov 2015 16:07:17 GMT</datelastmodified>
			<userlastmodified>Admin</userlastmodified>
			<datecreated>Tue, 03 Nov 2015 16:07:17 GMT</datecreated>
			<usercreated>Admin</usercreated>
			<flags>0</flags>
			<properties/>
			<relations/>
			<accesscontrol>
				<accessentry>
					<uuidprincipal>ROLE.WORKPLACE_USER</uuidprincipal>
					<flags>514</flags>
					<permissionset>
						<allowed>1</allowed>
						<denied>0</denied>
					</permissionset>
				</accessentry>
			</accesscontrol>
		</file>
		<file>
			<destination>system/modules</destination>
			<type>folder</type>
			<uuidstructure>f601fb07-8244-11e5-aa8d-40e23076d8ef</uuidstructure>
			<datelastmodified>Tue, 03 Nov 2015 16:07:20 GMT</datelastmodified>
			<userlastmodified>Admin</userlastmodified>
			<datecreated>Tue, 03 Nov 2015 16:07:20 GMT</datecreated>
			<usercreated>Admin</usercreated>
			<flags>0</flags>
			<properties/>
			<relations/>
			<accesscontrol>
				<accessentry>
					<uuidprincipal>ROLE.WORKPLACE_USER</uuidprincipal>
					<flags>514</flags>
					<permissionset>
						<allowed>5</allowed>
						<denied>0</denied>
					</permissionset>
				</accessentry>
			</accesscontrol>
		</file>
		<file>
			<destination>system/modules/ru.mrgrechkinn.opencms.photocontest</destination>
			<type>folder</type>
			<uuidstructure>7b3b5f15-a3fd-11e5-ab10-40e23076d8ef</uuidstructure>
			<datelastmodified>Wed, 16 Dec 2015 14:01:19 GMT</datelastmodified>
			<userlastmodified>Admin</userlastmodified>
			<datecreated>Wed, 16 Dec 2015 14:01:19 GMT</datecreated>
			<usercreated>Admin</usercreated>
			<flags>0</flags>
			<properties/>
			<relations/>
			<accesscontrol/>
		</file>
		<file>
			<source>system/modules/ru.mrgrechkinn.opencms.photocontest/.config</source>
			<destination>system/modules/ru.mrgrechkinn.opencms.photocontest/.config</destination>
			<type>module_config</type>
			<uuidstructure>bbe80427-a403-11e5-ab10-40e23076d8ef</uuidstructure>
			<uuidresource>bbe80428-a403-11e5-ab10-40e23076d8ef</uuidresource>
			<datelastmodified>Wed, 16 Dec 2015 14:46:04 GMT</datelastmodified>
			<userlastmodified>Admin</userlastmodified>
			<datecreated>Wed, 16 Dec 2015 14:46:04 GMT</datecreated>
			<usercreated>Admin</usercreated>
			<flags>0</flags>
			<properties>
				<property>
					<name>locale</name>
					<value><![CDATA[en]]></value>
				</property>
				<property>
					<name>locale-available</name>
					<value><![CDATA[en]]></value>
				</property>
				<property>
					<name>search.exclude</name>
					<value><![CDATA[all]]></value>
				</property>
			</properties>
			<relations/>
			<accesscontrol/>
		</file>
		<file>
			<destination>system/modules/ru.mrgrechkinn.opencms.photocontest/classes</destination>
			<type>folder</type>
			<uuidstructure>7b50e2f1-a3fd-11e5-ab10-40e23076d8ef</uuidstructure>
			<datelastmodified>Wed, 16 Dec 2015 14:01:19 GMT</datelastmodified>
			<userlastmodified>Admin</userlastmodified>
			<datecreated>Wed, 16 Dec 2015 14:01:19 GMT</datecreated>
			<usercreated>Admin</usercreated>
			<flags>0</flags>
			<properties/>
			<relations/>
			<accesscontrol/>
		</file>
		<file>
			<destination>system/modules/ru.mrgrechkinn.opencms.photocontest/classes/ru</destination>
			<type>folder</type>
			<uuidstructure>7b52b7b3-a3fd-11e5-ab10-40e23076d8ef</uuidstructure>
			<datelastmodified>Wed, 16 Dec 2015 14:01:19 GMT</datelastmodified>
			<userlastmodified>Admin</userlastmodified>
			<datecreated>Wed, 16 Dec 2015 14:01:19 GMT</datecreated>
			<usercreated>Admin</usercreated>
			<flags>0</flags>
			<properties/>
			<relations/>
			<accesscontrol/>
		</file>
		<file>
			<destination>system/modules/ru.mrgrechkinn.opencms.photocontest/classes/ru/mrgrechkinn</destination>
			<type>folder</type>
			<uuidstructure>7b548c75-a3fd-11e5-ab10-40e23076d8ef</uuidstructure>
			<datelastmodified>Wed, 16 Dec 2015 14:01:19 GMT</datelastmodified>
			<userlastmodified>Admin</userlastmodified>
			<datecreated>Wed, 16 Dec 2015 14:01:19 GMT</datecreated>
			<usercreated>Admin</usercreated>
			<flags>0</flags>
			<properties/>
			<relations/>
			<accesscontrol/>
		</file>
		<file>
			<destination>system/modules/ru.mrgrechkinn.opencms.photocontest/classes/ru/mrgrechkinn/opencms</destination>
			<type>folder</type>
			<uuidstructure>7b56af57-a3fd-11e5-ab10-40e23076d8ef</uuidstructure>
			<datelastmodified>Wed, 16 Dec 2015 14:01:19 GMT</datelastmodified>
			<userlastmodified>Admin</userlastmodified>
			<datecreated>Wed, 16 Dec 2015 14:01:19 GMT</datecreated>
			<usercreated>Admin</usercreated>
			<flags>0</flags>
			<properties/>
			<relations/>
			<accesscontrol/>
		</file>
		<file>
			<destination>system/modules/ru.mrgrechkinn.opencms.photocontest/classes/ru/mrgrechkinn/opencms/photocontest</destination>
			<type>folder</type>
			<uuidstructure>7b58d239-a3fd-11e5-ab10-40e23076d8ef</uuidstructure>
			<datelastmodified>Wed, 16 Dec 2015 14:01:19 GMT</datelastmodified>
			<userlastmodified>Admin</userlastmodified>
			<datecreated>Wed, 16 Dec 2015 14:01:19 GMT</datecreated>
			<usercreated>Admin</usercreated>
			<flags>0</flags>
			<properties/>
			<relations/>
			<accesscontrol/>
		</file>
		<file>
			<destination>system/modules/ru.mrgrechkinn.opencms.photocontest/elements</destination>
			<type>folder</type>
			<uuidstructure>7b48a589-a3fd-11e5-ab10-40e23076d8ef</uuidstructure>
			<datelastmodified>Wed, 16 Dec 2015 14:01:19 GMT</datelastmodified>
			<userlastmodified>Admin</userlastmodified>
			<datecreated>Wed, 16 Dec 2015 14:01:19 GMT</datecreated>
			<usercreated>Admin</usercreated>
			<flags>0</flags>
			<properties/>
			<relations/>
			<accesscontrol/>
		</file>
		<file>
			<destination>system/modules/ru.mrgrechkinn.opencms.photocontest/formatters</destination>
			<type>folder</type>
			<uuidstructure>7b4ac86b-a3fd-11e5-ab10-40e23076d8ef</uuidstructure>
			<datelastmodified>Wed, 16 Dec 2015 14:01:19 GMT</datelastmodified>
			<userlastmodified>Admin</userlastmodified>
			<datecreated>Wed, 16 Dec 2015 14:01:19 GMT</datecreated>
			<usercreated>Admin</usercreated>
			<flags>0</flags>
			<properties/>
			<relations/>
			<accesscontrol/>
		</file>
		<file>
			<source>system/modules/ru.mrgrechkinn.opencms.photocontest/formatters/mg-photocontest-formatter-config.xml</source>
			<destination>system/modules/ru.mrgrechkinn.opencms.photocontest/formatters/mg-photocontest-formatter-config.xml</destination>
			<type>formatter_config</type>
			<uuidstructure>bbdc1d41-a403-11e5-ab10-40e23076d8ef</uuidstructure>
			<uuidresource>bbdc1d42-a403-11e5-ab10-40e23076d8ef</uuidresource>
			<datelastmodified>Wed, 16 Dec 2015 14:46:04 GMT</datelastmodified>
			<userlastmodified>Admin</userlastmodified>
			<datecreated>Wed, 16 Dec 2015 14:46:04 GMT</datecreated>
			<usercreated>Admin</usercreated>
			<flags>0</flags>
			<properties>
				<property>
					<name>Title</name>
					<value><![CDATA[Sample formatter for mg-label]]></value>
				</property>
				<property>
					<name>locale</name>
					<value><![CDATA[en]]></value>
				</property>
				<property>
					<name>locale-available</name>
					<value><![CDATA[en]]></value>
				</property>
				<property>
					<name>search.exclude</name>
					<value><![CDATA[all]]></value>
				</property>
			</properties>
			<relations/>
			<accesscontrol/>
		</file>
		<file>
			<source>system/modules/ru.mrgrechkinn.opencms.photocontest/formatters/mg-photocontest-formatter.jsp</source>
			<destination>system/modules/ru.mrgrechkinn.opencms.photocontest/formatters/mg-photocontest-formatter.jsp</destination>
			<type>jsp</type>
			<uuidstructure>bbd6ed1e-a403-11e5-ab10-40e23076d8ef</uuidstructure>
			<uuidresource>bbd6ed1f-a403-11e5-ab10-40e23076d8ef</uuidresource>
			<datelastmodified>Mon, 03 Feb 2014 14:00:55 GMT</datelastmodified>
			<userlastmodified>Admin</userlastmodified>
			<datecreated>Wed, 16 Dec 2015 14:46:04 GMT</datecreated>
			<usercreated>Admin</usercreated>
			<flags>0</flags>
			<properties>
				<property type="shared">
					<name>export</name>
					<value><![CDATA[false]]></value>
				</property>
			</properties>
			<relations/>
			<accesscontrol/>
		</file>
		<file>
			<destination>system/modules/ru.mrgrechkinn.opencms.photocontest/i18n</destination>
			<type>folder</type>
			<uuidstructure>bbca1bd9-a403-11e5-ab10-40e23076d8ef</uuidstructure>
			<datelastmodified>Wed, 16 Dec 2015 14:46:04 GMT</datelastmodified>
			<userlastmodified>Admin</userlastmodified>
			<datecreated>Wed, 16 Dec 2015 14:46:04 GMT</datecreated>
			<usercreated>Admin</usercreated>
			<flags>0</flags>
			<properties/>
			<relations/>
			<accesscontrol/>
		</file>
		<file>
			<source>system/modules/ru.mrgrechkinn.opencms.photocontest/i18n/ru.mrgrechkinn.opencms.photocontest.workplace</source>
			<destination>system/modules/ru.mrgrechkinn.opencms.photocontest/i18n/ru.mrgrechkinn.opencms.photocontest.workplace</destination>
			<type>xmlvfsbundle</type>
			<uuidstructure>bbced6cb-a403-11e5-ab10-40e23076d8ef</uuidstructure>
			<uuidresource>bbced6cc-a403-11e5-ab10-40e23076d8ef</uuidresource>
			<datelastmodified>Wed, 16 Dec 2015 14:46:04 GMT</datelastmodified>
			<userlastmodified>Admin</userlastmodified>
			<datecreated>Wed, 16 Dec 2015 14:46:04 GMT</datecreated>
			<usercreated>Admin</usercreated>
			<flags>0</flags>
			<properties>
				<property>
					<name>search.exclude</name>
					<value><![CDATA[all]]></value>
				</property>
			</properties>
			<relations/>
			<accesscontrol/>
		</file>
		<file>
			<destination>system/modules/ru.mrgrechkinn.opencms.photocontest/resources</destination>
			<type>folder</type>
			<uuidstructure>7b4f0e2f-a3fd-11e5-ab10-40e23076d8ef</uuidstructure>
			<datelastmodified>Wed, 16 Dec 2015 14:01:19 GMT</datelastmodified>
			<userlastmodified>Admin</userlastmodified>
			<datecreated>Wed, 16 Dec 2015 14:01:19 GMT</datecreated>
			<usercreated>Admin</usercreated>
			<flags>0</flags>
			<properties/>
			<relations/>
			<accesscontrol/>
		</file>
		<file>
			<destination>system/modules/ru.mrgrechkinn.opencms.photocontest/schemas</destination>
			<type>folder</type>
			<uuidstructure>7b4d125d-a3fd-11e5-ab10-40e23076d8ef</uuidstructure>
			<datelastmodified>Wed, 16 Dec 2015 14:01:19 GMT</datelastmodified>
			<userlastmodified>Admin</userlastmodified>
			<datecreated>Wed, 16 Dec 2015 14:01:19 GMT</datecreated>
			<usercreated>Admin</usercreated>
			<flags>0</flags>
			<properties/>
			<relations/>
			<accesscontrol/>
		</file>
		<file>
			<source>system/modules/ru.mrgrechkinn.opencms.photocontest/schemas/mg-photocontest.xsd</source>
			<destination>system/modules/ru.mrgrechkinn.opencms.photocontest/schemas/mg-photocontest.xsd</destination>
			<type>plain</type>
			<uuidstructure>bbb3d4ae-a403-11e5-ab10-40e23076d8ef</uuidstructure>
			<uuidresource>bbb3d4af-a403-11e5-ab10-40e23076d8ef</uuidresource>
			<datelastmodified>Wed, 16 Dec 2015 14:46:04 GMT</datelastmodified>
			<userlastmodified>Admin</userlastmodified>
			<datecreated>Wed, 16 Dec 2015 14:46:04 GMT</datecreated>
			<usercreated>Admin</usercreated>
			<flags>0</flags>
			<properties>
				<property>
					<name>Title</name>
					<value><![CDATA[Sample resource type schema]]></value>
				</property>
			</properties>
			<relations/>
			<accesscontrol/>
		</file>
		<file>
			<destination>system/modules/ru.mrgrechkinn.opencms.photocontest/schemas/nested</destination>
			<type>folder</type>
			<uuidstructure>9c0e289f-a415-11e5-bc19-40e23076d8ef</uuidstructure>
			<datelastmodified>Wed, 16 Dec 2015 16:54:02 GMT</datelastmodified>
			<userlastmodified>Admin</userlastmodified>
			<datecreated>Wed, 16 Dec 2015 16:54:02 GMT</datecreated>
			<usercreated>Admin</usercreated>
			<flags>0</flags>
			<properties/>
			<relations/>
			<accesscontrol/>
		</file>
		<file>
			<source>system/modules/ru.mrgrechkinn.opencms.photocontest/schemas/nested/mg-photocontest-image.xsd</source>
			<destination>system/modules/ru.mrgrechkinn.opencms.photocontest/schemas/nested/mg-photocontest-image.xsd</destination>
			<type>plain</type>
			<uuidstructure>1500aee4-a416-11e5-bc19-40e23076d8ef</uuidstructure>
			<uuidresource>1500aee5-a416-11e5-bc19-40e23076d8ef</uuidresource>
			<datelastmodified>Wed, 16 Dec 2015 16:57:41 GMT</datelastmodified>
			<userlastmodified>Admin</userlastmodified>
			<datecreated>Wed, 16 Dec 2015 16:57:25 GMT</datecreated>
			<usercreated>Admin</usercreated>
			<flags>0</flags>
			<properties>
				<property>
					<name>Title</name>
					<value><![CDATA[Nested XSD for photocontest image]]></value>
				</property>
			</properties>
			<relations/>
			<accesscontrol/>
		</file>
		<file>
			<destination>system/modules/ru.mrgrechkinn.opencms.photocontest/templates</destination>
			<type>folder</type>
			<uuidstructure>7b45e667-a3fd-11e5-ab10-40e23076d8ef</uuidstructure>
			<datelastmodified>Wed, 16 Dec 2015 14:01:19 GMT</datelastmodified>
			<userlastmodified>Admin</userlastmodified>
			<datecreated>Wed, 16 Dec 2015 14:01:19 GMT</datecreated>
			<usercreated>Admin</usercreated>
			<flags>0</flags>
			<properties/>
			<relations/>
			<accesscontrol/>
		</file>
		<file>
			<destination>system/workplace</destination>
			<type>folder</type>
			<uuidstructure>825afce2-11b7-11db-91cd-fdbae480bac9</uuidstructure>
			<datelastmodified>Mon, 27 Mar 2006 12:00:00 GMT</datelastmodified>
			<userlastmodified>Admin</userlastmodified>
			<datecreated>Mon, 27 Jun 2005 08:00:00 GMT</datecreated>
			<usercreated>Admin</usercreated>
			<flags>0</flags>
			<properties>
				<property>
					<name>content-encoding</name>
					<value><![CDATA[UTF-8]]></value>
				</property>
				<property>
					<name>export</name>
					<value><![CDATA[false]]></value>
				</property>
				<property>
					<name>login-form</name>
					<value><![CDATA[/system/login/index.html]]></value>
				</property>
			</properties>
			<relations/>
			<accesscontrol>
				<accessentry>
					<uuidprincipal>ALL_OTHERS</uuidprincipal>
					<flags>134</flags>
					<permissionset>
						<allowed>0</allowed>
						<denied>0</denied>
					</permissionset>
				</accessentry>
				<accessentry>
					<uuidprincipal>ROLE.WORKPLACE_USER</uuidprincipal>
					<flags>518</flags>
					<permissionset>
						<allowed>5</allowed>
						<denied>0</denied>
					</permissionset>
				</accessentry>
			</accesscontrol>
		</file>
		<file>
			<destination>system/workplace/resources</destination>
			<type>folder</type>
			<uuidstructure>82c16052-11b7-11db-91cd-fdbae480bac9</uuidstructure>
			<datelastmodified>Mon, 27 Mar 2006 12:00:00 GMT</datelastmodified>
			<userlastmodified>Admin</userlastmodified>
			<datecreated>Mon, 27 Jun 2005 08:00:00 GMT</datecreated>
			<usercreated>Admin</usercreated>
			<flags>0</flags>
			<properties/>
			<relations/>
			<accesscontrol/>
		</file>
		<file>
			<destination>system/workplace/resources/filetypes</destination>
			<type>folder</type>
			<uuidstructure>83ca1dcc-11b7-11db-91cd-fdbae480bac9</uuidstructure>
			<datelastmodified>Mon, 27 Mar 2006 12:00:00 GMT</datelastmodified>
			<userlastmodified>Admin</userlastmodified>
			<datecreated>Mon, 27 Jun 2005 08:00:00 GMT</datecreated>
			<usercreated>Admin</usercreated>
			<flags>0</flags>
			<properties/>
			<relations/>
			<accesscontrol/>
		</file>
		<file>
			<source>system/workplace/resources/filetypes/mg-photocontest.png</source>
			<destination>system/workplace/resources/filetypes/mg-photocontest.png</destination>
			<type>image</type>
			<uuidstructure>bbc19051-a403-11e5-ab10-40e23076d8ef</uuidstructure>
			<uuidresource>bbc19052-a403-11e5-ab10-40e23076d8ef</uuidresource>
			<datelastmodified>Mon, 03 Feb 2014 15:58:54 GMT</datelastmodified>
			<userlastmodified>Admin</userlastmodified>
			<datecreated>Wed, 16 Dec 2015 14:46:04 GMT</datecreated>
			<usercreated>Admin</usercreated>
			<flags>0</flags>
			<properties>
				<property>
					<name>Title</name>
					<value><![CDATA[sample-icon]]></value>
				</property>
				<property type="shared">
					<name>image.size</name>
					<value><![CDATA[w:16,h:16]]></value>
				</property>
			</properties>
			<relations/>
			<accesscontrol/>
		</file>
		<file>
			<source>system/workplace/resources/filetypes/mg-photocontest_big.png</source>
			<destination>system/workplace/resources/filetypes/mg-photocontest_big.png</destination>
			<type>image</type>
			<uuidstructure>bbc5fd25-a403-11e5-ab10-40e23076d8ef</uuidstructure>
			<uuidresource>bbc5fd26-a403-11e5-ab10-40e23076d8ef</uuidresource>
			<datelastmodified>Mon, 03 Feb 2014 15:58:54 GMT</datelastmodified>
			<userlastmodified>Admin</userlastmodified>
			<datecreated>Wed, 16 Dec 2015 14:46:04 GMT</datecreated>
			<usercreated>Admin</usercreated>
			<flags>0</flags>
			<properties>
				<property>
					<name>Title</name>
					<value><![CDATA[sample-icon_big]]></value>
				</property>
				<property type="shared">
					<name>image.size</name>
					<value><![CDATA[w:24,h:24]]></value>
				</property>
			</properties>
			<relations/>
			<accesscontrol/>
		</file>
	</files>
</export>
